ts	phase	decision	why	evidence	result
2026-10-02T21:37:31Z	frame	Set six delivery units and a native-evidence exit condition	Finish the friends game journey in independently verifiable slices	.audit/overnight-plan.md	open
2026-10-02T21:38:39Z	baseline	Committed verified onboarding and database changes as 2f3d372	Preserve a known good base before adding social workflows	/tmp/padel-overnight-baseline.log;2f3d372	902 tests and Storybook smoke passed
2026-10-02T21:39:47Z	design	Chose account-scoped repositories over a social cache provider	Reuse the game pattern and avoid duplicate state ownership; graft focus and foreground refresh plus stale guards	src/features/services/AppServicesContext.tsx;src/features/supabase/gameRepository.ts	independent design judge agreed
2026-10-02T21:48:16Z	games	Added leave cancel and consent-safe reschedule; local database checks passed	Players need changed-plan controls; do not silently move a game after another player joins	84a10e9;scripts/verify-game-management.mjs;/tmp/padel-game-management-db.log	VERIFIED
2026-10-02T21:48:16Z	review	Found auth operation races and sent them back for correction	Old asynchronous sign-in must not replace a newer recovery session	/tmp/padel-auth-overnight/src/features/authentication/authGateway.ts;/tmp/padel-auth-overnight/src/features/authentication/SessionContext.tsx	fix in progress
2026-10-02T21:58:08Z	social	Integrated real players favourites and invitation inbox	Friends need persistent real-account discovery and invitation actions	e00f07f;scripts/verify-social.mjs;/tmp/padel-social-db.log	VERIFIED
2026-10-02T21:58:08Z	auth	Integrated registration and guarded password recovery after auth race fixes	Recovery must remain exclusive and late operations must not replace a new session	bf60259;scripts/verify-auth-recovery.mjs;/tmp/padel-auth-db.log	database and focused tests passed
2026-10-02T21:58:08Z	native	Installed isolated Android SDK and booted an emulator	Native evidence is authoritative; resolve the missing Android toolchain instead of parking review	/tmp/padel-native-tools/sdk;/tmp/padel-emulator.log	emulator booted; build in progress
2026-10-02T22:03:36Z	ownership	Pinned social and game mutation authorization to the initiating account	A stale repository must never mutate the account that signs in later	bd2946b;eb130cd;tests/supabase-account-authorization.test.ts;tests/supabase-game-authorization.test.ts	VERIFIED
2026-10-02T22:03:36Z	reminders	Committed opt-in local reminders and corrected cold navigation and async account races	Never show stale account feedback or navigate before the root exists	dcd59dd;tests/reminder-settings.test.tsx;/tmp/padel-reminder-final-tests.log	VERIFIED
2026-10-02T22:03:37Z	backend	Applied additive game management functions to the hosted project after dry-run and local concurrency checks	The hosted app needs the same reviewed functions as the tested local schema	supabase/migrations/20261003010000_game_management.sql;/tmp/padel-management-remote-push.log	VERIFIED
2026-10-02T22:03:37Z	beta	Configured app identifiers internal builds and CI; hosted social auth is disabled	Prepare runnable beta configuration and distinguish unavailable provider credentials from code defects	8c785bd;docs/friends-beta.md	Google and Apple provider credentials remain external
2026-10-02T22:04:52Z	verification	Full app verification passed 92 suites and 960 tests; both native bundles exported	Verify the integrated committed app before device review	/tmp/padel-committed-verify.log;/tmp/padel-native-export.log;scripts/verify-social.mjs;scripts/verify-auth-recovery.mjs	VERIFIED
2026-10-02T22:16:49Z	review-evidence	Superseded the design and auth review pointers with a durable independent audit	Source files alone did not prove the earlier review conclusions; the audit checked the implementations commits and behavior tests	.audit/reviews.md;bf60259;bd2946b;eb130cd;tests/auth-gateway.test.ts;tests/supabase-account-authorization.test.ts;tests/supabase-game-authorization.test.ts	VERIFIED
2026-10-02T22:16:50Z	backend-evidence	Superseded the hosted game migration pointer with dry-run push and permission readback evidence	The earlier row proved the push but omitted the artifacts that prove preflight and hosted function permissions	/tmp/padel-management-dryrun.log;/tmp/padel-management-remote-push.log;/tmp/padel-management-readback.log	VERIFIED
2026-10-02T22:16:51Z	provider-evidence	Superseded the hosted social auth assertion with redacted live settings booleans	Keep provider status reviewable without storing the project URL or publishable credential	.audit/hosted-auth-settings.json	email enabled; Google and Apple disabled
2026-10-02T22:19:27+00:00	native-adapter	Use local notification imports without remote push auto-registration	Expo Go rejected eager remote push setup; the app only schedules local reminders	src/features/notifications/localNotifications.ts;scripts/verify-native-export.mjs;.audit/evidence/native-exports.log	Android APK opens and email sign-in succeeds; Expo Go retest pending
2026-10-02T22:19:27+00:00	avatars	Allow the exact Android emulator host for local avatar photos	Native local Supabase photos use the emulator loopback alias	bacaafa;tests/avatar.test.tsx	25 avatar tests passed
2026-10-02T22:19:27+00:00	verification	Integrated verification passed 92 suites and 961 tests	Check the final local notification adapter and product integration	.audit/evidence/verify.log;.audit/evidence/database.log	VERIFIED
2026-10-02T22:19:27+00:00	backend-evidence	Preserve hosted migration preflight and permission readback in the repository	Temporary logs are insufficient for a durable overnight trail	.audit/evidence/management-dryrun.log;.audit/evidence/management-push.log;.audit/evidence/management-readback.log	VERIFIED
2026-10-02T22:19:27+00:00	ios	Native iOS review remains unavailable	Only Command Line Tools are installed; full Xcode and a simulator runtime are absent	docs/friends-beta.md	EXTERNAL BLOCKER
2026-10-02T22:22:13+00:00	beta-link	Linked EAS under j4ckwinter and configured preview public backend variables	Use the authenticated personal account for this personal repository instead of a shared team; team reverses the ownership default	app.json;docs/friends-beta.md;/tmp/padel-eas-init.log;/tmp/padel-eas-env.log	VERIFIED; signed distribution still pending
2026-10-02T22:22:37+00:00	review-fix	Distinguish reminder deliveries when game identifiers are reused	A later reminder after rescheduling must navigate while duplicate taps of the same delivery stay ignored	src/features/notifications/ReminderProvider.tsx;tests/reminder-settings.test.tsx	2 suites 11 tests passed; typecheck and scoped lint passed
2026-10-02T22:35:24+00:00	native-fix	Stabilize DayTimeSelector native stacking context during disabled transitions	Android Fabric tried reparenting a selector already owned by another view; clean-bundle tests isolated the component wrapper	9121ae2;.audit/native/android-reschedule-crash.png;.audit/native/android-reschedule-passed.png;.audit/native/android-verification-results.json	Two native reschedule runs passed; 9 focused tests passed
2026-10-02T22:35:24+00:00	beta-build	Submitted signed Android preview build after the native crash fix	Build the verified committed runtime with hosted preview configuration and cloud Android keystore	https://expo.dev/accounts/j4ckwinter/projects/padel-potato/builds/dcbdf2c0-c992-45cc-9421-189e580d8961;9121ae2	IN PROGRESS
2026-10-02T22:35:24+00:00	verification	Integrated checks passed 92 suites and 962 tests after reminder and selector fixes	Final runtime edits require another integrated check and native product exports	/tmp/padel-final-check.log;/tmp/padel-final-native-export.log	VERIFIED
2026-10-03T09:12:19+00:00	reminder-retention	Separate future scheduling from retaining already queued delayed reminders	Android inexact delivery can occur after the nominal time; foreground refresh must not cancel a valid queued notification	src/features/notifications/reminders.ts;tests/game-reminders.test.ts	Red regression before fix; 15 focused tests typecheck and lint passed
2026-10-03T09:25:34+00:00	profile-freshness	Refresh the account-owned profile on focus and foreground	Native result submission persisted correctly but Profile kept old stats until restart; global services reload would disturb reminder reconciliation	src/app/(tabs)/profile.tsx;tests/profile-screen.test.tsx;.audit/native/android-stats-before-refresh.png;.audit/native/android-stats-after-focus.png	7 tests typecheck lint and independent review passed; native1to2focus refresh passed
2026-10-03T09:25:34+00:00	native-reminders	Proved overdue queued alarm survives foreground then delivers and opens its game	Inexact Android timing requires native evidence after the retention correction	.audit/native/android-retention-alarm-pastdue-before.txt;.audit/native/android-retention-alarm-pastdue-after.txt;.audit/native/android-retained-reminder-delivered.png	VERIFIED
2026-10-03T09:25:34+00:00	native-storybook	Reviewed DayTimeSelector disabled transitions and Avatar on Android Storybook	Available native component review is authoritative over web parity	.audit/native/android-storybook-daytime-enabled.png;.audit/native/android-storybook-daytime-disabled.png;.audit/native/android-storybook-avatar.png	VERIFIED
